Date,Open,High,Low,Close,Volume
1959-09-30,371.93,375.31,371.93,375.31
1959-10-31,366.2,369.58,328.49,369.58
1959-11-30,364.9,381.37,364.9,379.51
1959-12-31,382.34,417.79,382.34,417.79
1960-01-31,426.08,426.08,412.21,417.19
1960-02-29,419.83,429.95,407,410.24
1960-03-31,412.77,413.47,394.84,411.61
1960-04-30,415.63,432.74,415.63,431.03
1960-05-31,434.08,468.11,420.87,463.94
1960-06-30,458.25,533.31,458.25,533.31
1960-07-31,545.99,557.52,516.5,527.43
1960-08-31,533.83,589.17,533.83,589.17
1960-09-30,591.62,603.79,527.65,551.23
1960-10-31,548.18,567.9,539.41,543.09
1960-11-30,545.1,564.88,518.32,538.44
1960-12-31,543.31,548.33,517.2,534.09
1961-01-31,536.32,537.77,514.86,531.78
1961-02-28,527.58,539.18,508.68,539.18
1961-03-31,539.96,548.07,515.34,536.24
1961-04-30,541.6,544.13,533.9,541.67
1961-05-31,544.13,579.46,544.13,572.51
1961-06-30,578.38,591.48,546.29,554.1
1961-07-31,545.06,547.4,498.87,525.35
1961-08-31,526.2,542.9,471.01,474.88
1961-09-30,474.69,495.52,455.98,477.41
1961-10-31,481.16,501.58,474.5,501.58
1961-11-30,501.51,530.81,501.51,509.95
1961-12-31,506.83,506.83,485.66,489.79
1962-01-31,494.7,494.7,473.72,478.37
1962-02-28,481.91,481.91,469.45,473.09
1962-03-31,474.36,481.24,444.68,466.99
1962-04-30,470.82,470.82,448.43,448.43
1962-05-31,447.43,448.58,354.41,399.6
1962-06-30,406.26,406.26,356.9,374.68
1962-07-31,371.85,399.49,360.73,360.73
1962-08-31,366.65,394.21,342.58,383.09
1962-09-30,382.04,382.04,353.81,354.52
1962-10-31,354.04,358.2,316.62,349.57
1962-11-30,346.26,404.14,346.26,404.14
1962-12-31,402.8,402.8,380.22,386.32
1963-01-31,383.46,383.46,361.85,367.02
1963-02-28,367.35,367.5,346.67,349.57
1963-03-31,348.83,364.9,348.79,364.19
1963-04-30,363.86,383.23,363.86,380.63
1963-05-31,380.67,442.56,380.67,437.05
1963-06-30,437.5,437.5,423.4,423.4
1963-07-31,423.96,435.82,419.98,433
1963-08-31,431.25,455.05,430.84,453.23
1963-09-30,453.64,464.35,450.81,452.15
1963-10-31,455.91,457.28,428.16,436.72
1963-11-30,440.18,440.18,420.43,423.14
1963-12-31,426.64,441.78,426.64,438.95
1964-01-31,443,475.58,443,475.58
1964-02-29,476.85,488.64,471.68,488.64
1964-03-31,494.51,510.69,492.65,509.73
1964-04-30,509.99,515.45,496.41,500.35
1964-05-31,494.55,501.02,481.72,482.28
1964-06-30,477.18,485.51,467.18,485.51
1964-07-31,492.13,502.66,489.2,502.66
1964-08-31,501.21,518.47,499.35,518.47
1964-09-30,523.52,527.39,499.91,505.52
1964-10-31,506.3,507.72,479.53,479.82
1964-11-30,482.98,491.06,463.98,472.79
1964-12-31,478.63,481.05,474.36,477.89
1965-01-31,482.95,491.61,475.66,489.05
1965-02-28,488.56,488.56,459.67,472.83
1965-03-31,471.42,472.46,449.25,450.74
1965-04-30,452.71,466.95,452.71,456.02
1965-05-31,456.91,465.91,450.14,465.02
1965-06-30,467.48,467.48,423.48,434.26
1965-07-31,436.68,459.37,429.02,459.22
1965-08-31,464.46,469.11,457.25,459.93
1965-09-30,460.86,475.73,457.21,461.79
1965-10-31,458.77,458.77,440.36,440.36
1965-11-30,435.97,451.04,425.97,425.97
1965-12-31,423.55,432.96,422.03,422.36
1966-01-31,418.34,448.92,418.34,444.97
1966-02-28,447.39,453.38,435.45,448.95
1966-03-31,446.02,446.02,429.8,429.8
1966-04-30,430.95,430.95,410.83,410.83
1966-05-31,406.74,416.78,398,400.23
1966-06-30,395.36,401.98,356.79,362.52
1966-07-31,374.72,374.72,338.68,338.68
1966-08-31,340.05,368.91,340.05,356.23
1966-09-30,352.59,379.55,352.07,367.32
1966-10-31,361.59,366.24,341.28,341.28
1966-11-30,339.27,348.53,324.99,343.77
1966-12-31,343.81,355.49,330.49,333.36
1967-01-31,337.26,364.19,319.93,364.19
1967-02-28,369.4,382.82,366.5,374.31
1967-03-31,378.7,388.37,376.91,388.37
1967-04-30,385.91,387.29,362.37,367.5
1967-05-31,367.17,379.37,363.11,373.49
1967-06-30,373.08,374.57,361.51,362
1967-07-31,360.81,389.82,360.81,388.33
1967-08-31,392.9,441.03,392.9,436.49
1967-09-30,437.39,464.46,434.97,442.48
1967-10-31,434.19,466.77,434.19,466.77
1967-11-30,467.85,488.34,463.31,484.77
1967-12-31,483.1,503.22,477.48,503.22
1968-01-31,514.75,547.25,509.54,524.57
1968-02-29,522.56,533.72,520.44,522.22
1968-03-31,520.44,535.61,513.56,535.61
1968-04-30,542.75,564.51,538.33,562.21
1968-05-31,565.26,575.19,551.42,557.52
1968-06-30,566.52,591.36,564.85,591.36
1968-07-31,593.93,598.84,570.16,585.71
1968-08-31,587.2,603.19,583.22,591.22
1968-09-30,584.04,585.86,566.59,567.3
1968-10-31,573.18,590.84,573.18,581.92
1968-11-30,577.12,577.12,560.12,560.12
1968-12-31,551.64,566.3,536.95,555.62
1969-01-31,560.35,591.4,558.71,591.4
1969-02-28,588.2,590.55,568.04,571.95
1969-03-31,572.92,586.98,567.19,581.36
1969-04-30,582.92,592.33,565.96,581.25
1969-05-31,584.26,622.27,584.26,622.27
1969-06-30,625.02,639.31,573.33,588.76
1969-07-31,585.64,588.87,548.41,568.83
1969-08-31,577.79,610.41,577.19,610.41
1969-09-30,614.94,620,593.89,601.48
1969-10-31,597.76,633.99,597.76,627.29
1969-11-30,626.59,659.2,626.59,656.67
1969-12-31,657.42,658.46,614.94,622.38
1970-01-31,629.1,629.1,579.8,582.2
1970-02-28,574.6,585.5,564.5,564.5
1970-03-31,558.6,575.3,549.4,572.7
1970-04-30,573.9,582.7,524.1,532.9
1970-05-31,530.8,537.5,444.6,485.8
1970-06-30,473.8,498.2,464.8,464.8
1970-07-31,466.2,492.5,455.9,492.5
1970-08-31,497.2,513.7,494.7,496.6
1970-09-30,494.1,497.8,473.7,486.7
1970-10-31,479.7,491.4,466.5,477.2
1970-11-30,474.2,477.7,445.8,458.2
1970-12-31,461.7,461.7,443.9,443.9
1971-01-31,444.2,511.9,444.2,511.9
1971-02-28,506.9,542.2,500.4,533.5
1971-03-31,531.8,540.7,523.8,538.5
1971-04-30,541.6,541.6,497.8,503.9
1971-05-31,501.2,515.6,491.3,515.6
1971-06-30,518.2,518.2,499.3,506.2
1971-07-31,508.6,523.7,508.6,523.7
1971-08-31,521.6,526.4,497.3,499.8
1971-09-30,497,497.2,455.4,480
1971-10-31,485.1,485.1,437.6,441.6
1971-11-30,436.8,450.4,423.8,447.5
1971-12-31,454.9,474.4,444.9,473.5
1972-01-31,471.2,503.8,471.2,503.8
1972-02-29,504.4,544,504.4,544
1972-03-31,541.5,560.4,515.7,560.4
1972-04-30,561.8,563.1,536.5,548.5
1972-05-31,544.8,586.5,544.8,562.5
1972-06-30,564.7,574.7,533.2,549.3
1972-07-31,557.3,586.5,541.4,586.5
1972-08-31,587.8,596.9,565.6,574.6
1972-09-30,578,578,547.3,555
1972-10-31,551.2,557.6,532.2,545.2
1972-11-30,545.4,562.8,542.6,549.3
1972-12-31,545.4,545.4,527.7,536.4
1973-01-31,545.4,573.5,545.4,558.1
1973-02-28,559,559,533.8,543.2
1973-03-31,540.3,581,538.3,572.5
1973-04-30,571.2,571.2,542.5,542.5
1973-05-31,532.6,532.6,482.7,485.7
1973-06-30,477.5,503.3,474.8,474.8
1973-07-31,478.1,478.1,428.6,448.9
1973-08-31,447.1,462.9,441.1,448.9
1973-09-30,452,457.3,431,435.5
1973-10-31,436,476.9,431.9,470.7
1973-11-30,473.2,473.2,395.9,409.6
1973-12-31,411.8,417,386.3,396.3
1974-01-31,386.8,435.2,386.8,433.4
1974-02-28,436.4,436.4,398.7,400.3
1974-03-31,399,429.6,394.2,399.9
1974-04-30,402.1,425,402.1,425
1974-05-31,420.1,429.8,408.5,413.1
1974-06-30,412.2,416.2,396.1,397.3
1974-07-31,403.5,406,388.7,395.7
1974-08-31,402.7,420.3,394.3,395.4
1974-09-30,399.9,399.9,374.1,376.6
1974-10-31,378.2,384.9,372.8,384.9
1974-11-30,384,401.3,372.3,401.1
1974-12-31,407.8,412.7,399.1,401.8
1975-01-31,411.2,446.6,411.2,446.6
1975-02-28,446.7,488.3,443.1,488.3
1975-03-31,496.3,506.6,481.8,499.3
1975-04-30,504,530.3,504,515.6
1975-05-31,518.1,521.2,467,480.1
1975-06-30,486.8,496.4,475.2,485.1
1975-07-31,491.6,531.9,491.6,531.9
1975-08-31,530.5,530.5,496.7,503
1975-09-30,496.4,512.1,491.6,491.6
1975-10-31,496.9,534.3,496.9,534.3
1975-11-30,536.2,561.5,532.9,561.5
1975-12-31,562.3,566.2,541.1,563.2
1976-01-31,573.4,578.2,559.2,572
1976-02-29,570.9,577.7,567.8,567.8
1976-03-31,569,593.8,569,583.7
1976-04-30,582.2,582.2,547.3,547.3
1976-05-31,549.3,558.9,526.2,542.4
1976-06-30,543.1,547.5,532.1,542.3
1976-07-31,537.5,545.5,528.8,534
1976-08-31,529.3,542.3,523.5,530.3
1976-09-30,527.9,541.1,526,531.1
1976-10-31,534,534,486.7,487.4
1976-11-30,489.5,515.6,489.5,509.5
1976-12-31,508.6,512.7,502.5,509
1977-01-31,515.3,526.6,506.2,512.3
1977-02-28,515.2,519.2,496.2,496.2
1977-03-31,497.1,510.1,491.4,509.8
1977-04-30,512.6,551.9,512,551.9
1977-05-31,553.3,554.1,535.4,539.9
1977-06-30,535.7,539.8,524.7,524.9
1977-07-31,529,538.1,527.9,530.3
1977-08-31,534,554.1,534,540.9
1977-09-30,544.7,552.3,533.6,541.3
1977-10-31,538.7,554.2,538.7,554.2
1977-11-30,556.4,567.6,555.1,557.5
1977-12-31,560.3,562.8,538,549.3
1978-01-31,551.5,562.7,547.9,549.4
1978-02-28,552.6,563.1,552.6,552.9
1978-03-31,551,556.5,545.3,549.7
1978-04-30,551.3,556.7,530,532.1
1978-05-31,532.7,545.5,525,545.5
1978-06-30,544.7,561.4,544.7,553
1978-07-31,558.1,582.4,552.6,582.1
1978-08-31,578.4,585.6,568.3,583.1
1978-09-30,586.9,598.3,584.8,598.3
1978-10-31,602.2,611.7,585.2,585.6
1978-11-30,586,593.6,578.8,581.8
1978-12-31,585.9,592.8,572.7,575.1
1979-01-31,581.1,593.3,578.6,580.2
1979-02-28,574.7,575.6,557.4,563.9
1979-03-31,559.4,567.9,546.5,555
1979-04-30,550,560.6,550,554.7
1979-05-31,553.4,553.4,525.8,526.1
1979-06-30,518.5,525.3,508,512.6
1979-07-31,508.6,533.1,508.6,532
1979-08-31,538.2,541.8,528,538
1979-09-30,540.2,545.6,535.6,535.6
1979-10-31,535.2,545.7,504,506.3
1979-11-30,503.9,515.3,492.2,508.7
1979-12-31,507.5,509.6,495.1,497.8
1980-01-31,493.5,504,483.1,504
1980-02-29,509.1,535.2,509.1,521.5
1980-03-31,518.7,518.7,473.9,475.2
1980-04-30,478.1,501.8,478.1,496.1
1980-05-31,492.2,504.6,489.2,501.5
1980-06-30,497.8,524.4,496.5,515.5
1980-07-31,521.4,530.3,513.2,524.7
1980-08-31,525.2,531.6,511.5,511.5
1980-09-30,511.7,519.8,505.7,508.8
1980-10-31,512.6,522.9,489.8,489.8
1980-11-30,495.1,497.3,475.8,495.3
1980-12-31,497.2,502.6,476.8,480.9
1981-01-31,490,495,468.4,468.4
1981-02-28,471.4,480.9,468.3,473.3
1981-03-31,473.7,489.3,473.3,483.8
1981-04-30,491.7,517.3,491.7,510.4
1981-05-31,504.6,509.5,496,497.9
1981-06-30,502.1,533.6,502.1,533.6
1981-07-31,538.2,548.2,531.9,542.7
1981-08-31,545.5,547.9,527.9,533.3
1981-09-30,525.6,531.7,488.1,495.3
1981-10-31,497.2,517,489.9,496.3
1981-11-30,508.9,509.6,490,509.1
1981-12-31,506,513.3,488.7,490.4
1982-01-31,497.1,502.1,486.1,502.1
1982-02-28,503.2,517.1,501.5,515.5
1982-03-31,516.2,528.3,514.4,525.7
1982-04-30,530.4,532.9,517.7,518.2
1982-05-31,518.3,518.7,506.2,512.2
1982-06-30,512.8,512.8,491.8,501.1
1982-07-31,508,514.5,497.8,508.5
1982-08-31,513.9,516,476.6,502.9
1982-09-30,507.3,534.6,500.6,526.9
1982-10-31,527,535.4,511.6,511.6
1982-11-30,511.5,532.1,511.5,518.5
1982-12-31,525.7,554.6,525.7,552.8
1983-01-31,561.1,561.5,530,549.1
1983-02-28,548.1,602.5,545.7,602.5
1983-03-31,589.8,661.4,589.8,661.4
1983-04-30,666.2,710,656.8,707
1983-05-31,702.5,702.5,675.7,675.7
1983-06-30,664.3,721.9,664.3,719.7
1983-07-31,730.6,749.1,720.2,737.7
1983-08-31,734,741.1,696,698.4
1983-09-30,707.3,724.8,702.6,719.3
1983-10-31,720.2,760.6,720.2,753.8
1983-11-30,750.2,753.5,731.2,753.5
1983-12-31,757.3,777,746.7,774
1984-01-31,786.7,812.5,786.7,807.2
1984-02-29,816.9,818.5,766.2,766.2
1984-03-31,772.9,781.9,750,774.3
1984-04-30,776.3,780.8,763.7,776.1
1984-05-31,784.9,785.5,739.6,739.6
1984-06-30,740.9,763.3,736.3,763.3
1984-07-31,754.5,754.5,692.7,717.5
1984-08-31,729.4,756.4,729.4,751.1
1984-09-30,756.4,800.2,748.4,799
1984-10-31,800.4,815.9,789.2,802.3
1984-11-30,808.4,811.6,795.7,811.1
1984-12-31,817.3,820.9,800.4,820.9
1985-01-31,830.7,850.1,824,838.1
1985-02-28,834.9,865.7,820.3,855.4
1985-03-31,870.2,893.7,858.9,858.9
1985-04-30,865,889.7,865,873.1
1985-05-31,865.2,950.6,865.2,950.6
1985-06-30,958,1022.5,950.3,1018.5
1985-07-31,1018.5,1074.9,984,986
1985-08-31,1010.5,1081.7,1010.5,1081.7
1985-09-30,1077.9,1142.6,1066.4,1142.6
1985-10-31,1156.7,1295.8,1146.9,1295.8
1985-11-30,1301.3,1304.5,1235.3,1251.8
1985-12-31,1235.1,1366.2,1235.1,1366.2
1986-01-31,1374.5,1507.8,1374.5,1387.1
1986-02-28,1394.8,1444.2,1323.9,1357.3
1986-03-31,1361,1481.6,1361,1481.6
1986-04-30,1496.9,1586,1472.2,1507.3
1986-05-31,1491.7,1491.7,1336.6,1380.5
1986-06-30,1369.5,1449.3,1329.3,1357.5
1986-07-31,1342.8,1354.9,1248.6,1288.6
1986-08-31,1282.6,1497.5,1282.6,1497.5
1986-09-30,1502.7,1506,1398,1408
1986-10-31,1443,1454.6,1384.1,1426.3
1986-11-30,1432.7,1466.3,1396.3,1466.3
1986-12-31,1453.1,1470.4,1421.6,1432.3
1987-01-31,1413.2,1434.3,1249.9,1294.5
1987-02-28,1276.4,1277.5,1216.3,1244.4
1987-03-31,1236.5,1306.8,1179.8,1301.7
1987-04-30,1332.5,1358.2,1282.1,1308.1
1987-05-31,1309.6,1328.9,1271,1316.4
1987-06-30,1328.9,1408.6,1302.5,1382.6
1987-07-31,1383,1510.5,1383,1510.5
1987-08-31,1507.4,1570.3,1507.4,1537.8
1987-09-30,1547.7,1547.7,1471.8,1500.2
1987-10-31,1520,1543.1,1104.4,1177.4
1987-11-30,1163.9,1163.9,945.9,1022.8
1987-12-31,1030.2,1051.2,992,1000
1988-01-31,943.88,1025.28,931.18,935.57
1988-02-29,958.69,1096.05,953.55,1079.55
1988-03-31,1085.48,1122.07,1044.28,1063.17
1988-04-30,1061.2,1097.94,1053.54,1054.46
1988-05-31,1051.13,1083.36,1002.41,1083.36
1988-06-30,1096.47,1143.5,1096.01,1140.49
1988-07-31,1163.52,1199.96,1153.77,1181.72
1988-08-31,1189.6,1198.76,1152.38,1165.36
1988-09-30,1152.99,1260.99,1152.99,1252.69
1988-10-31,1242.44,1314.98,1242.44,1300.79
1988-11-30,1310.79,1310.79,1252.18,1275.99
1988-12-31,1277.98,1340.41,1275.78,1327.87
1989-01-31,1335.01,1371.1,1312.73,1312.73
1989-02-28,1300.52,1359.88,1271.7,1288.66
1989-03-31,1307.25,1337.66,1303.28,1322.66
1989-04-30,1344.35,1394.62,1339.79,1370.9
1989-05-31,1362.54,1407.29,1339.75,1407.29
1989-06-30,1413,1491.93,1413,1473.72
1989-07-31,1492.33,1568.52,1492.33,1554.16
1989-08-31,1578.91,1609.93,1573.65,1597.85
1989-09-30,1608.33,1657.61,1574.37,1574.37
1989-10-31,1577.8,1639.55,1385.72,1472.76
1989-11-30,1476.19,1577.43,1428.07,1577.43
1989-12-31,1612.44,1790.37,1612.44,1790.37
1990-01-31,1814.38,1869.66,1756.41,1822.78
1990-02-28,1858.08,1939.43,1776.04,1809.92
1990-03-31,1787.87,1968.55,1787.87,1968.55
1990-04-30,1931.3,1968.33,1813.25,1813.25
1990-05-31,1843.41,1934.95,1811.18,1844.81
1990-06-30,1856.95,1901.46,1787.39,1879.9
1990-07-31,1915.3,1966.04,1906.23,1919.12
1990-08-31,1892.89,1892.89,1520.34,1629.51
1990-09-30,1629.22,1629.22,1334.89,1334.89
1990-10-31,1420.73,1514.34,1391.76,1433.82
1990-11-30,1417.26,1496.1,1369.44,1441.2
1990-12-31,1470.1,1534.8,1389,1398.2
1991-01-31,1375.4,1428.5,1311.8,1420.1
1991-02-28,1413.2,1612.8,1411,1542.1
1991-03-31,1524,1596.9,1496.5,1522.8
1991-04-30,1522.6,1638.2,1521.9,1605.8
1991-05-31,1611.6,1710.1,1585,1704.1
1991-06-30,1702,1728.3,1614.1,1622.2
1991-07-31,1624,1650.8,1591,1622.3
1991-08-31,1627.4,1665.8,1476.8,1650.5
1991-09-30,1658,1658.9,1604.7,1607
1991-10-31,1613,1615.9,1550.7,1582.1
1991-11-30,1575.1,1630.2,1562.6,1566.6
1991-12-31,1549.9,1578,1536.3,1578
1992-01-31,1602.3,1698.1,1577.4,1687.5
1992-02-29,1688.2,1751.2,1671.6,1745.1
1992-03-31,1743.3,1772.2,1700.3,1717.9
1992-04-30,1711.4,1760.4,1707.3,1734
1992-05-31,1729,1814.6,1720.4,1803.2
1992-06-30,1803.4,1803.4,1745.2,1752.6
1992-07-31,1751.8,1779.5,1602.6,1615.4
1992-08-31,1602,1632.8,1460.6,1541.3
1992-09-30,1519.3,1598.2,1463.3,1466.4
1992-10-31,1468.2,1542.5,1413.7,1492.3
1992-11-30,1479.4,1560.7,1466.7,1544.3
1992-12-31,1545.8,1546,1462,1545.1
1993-01-31,1533.1,1590.8,1514.3,1571.9
1993-02-28,1582.4,1684.4,1581.5,1684.4
1993-03-31,1695.8,1718.2,1645.1,1684.2
1993-04-30,1677.6,1694.6,1616.1,1627.2
1993-05-31,1620.3,1662.9,1600.7,1631.9
1993-06-30,1624.9,1712.2,1616.6,1697.6
1993-07-31,1705.5,1854.8,1687.3,1803.2
1993-08-31,1795.4,1946.4,1795.4,1944.9
1993-09-30,1938.4,1943.1,1852,1915.7
1993-10-31,1912.9,2075.7,1910,2069
1993-11-30,2064.7,2101.6,2003.8,2057.8
1993-12-31,2072.7,2284.6,2072.7,2266.7
1994-01-31,2241.7,2268.9,2035.8,2177.5
1994-02-28,2183.5,2198.2,2065.5,2091.6
1994-03-31,2090.5,2188.1,1992.7,2133.1
1994-04-30,2134.1,2263.7,2134.1,2246
1994-05-31,2261,2282.6,2107.9,2127.7
1994-06-30,2131.9,2167.5,1959.8,2025.3
1994-07-31,2030.3,2158.4,2027.4,2146.6
1994-08-31,2150.9,2218.6,2086.9,2212.9
1994-09-30,2203,2211.9,2005.6,2011.8
1994-10-31,1991.8,2146.6,1953.2,2071.6
1994-11-30,2062,2114.4,2033,2048.3
1994-12-31,2051.1,2113.9,2009.5,2106.6
1995-01-31,2084.1,2092.2,2017.8,2021.3
1995-02-28,2037.7,2145.7,2037.7,2102.2
1995-03-31,2114.5,2130.4,1893.6,1922.6
1995-04-30,1915.1,2030.7,1914.1,2015.9
1995-05-31,2029.6,2110.7,2015.9,2092.2
1995-06-30,2118.3,2155.8,2081.7,2083.9
1995-07-31,2083.4,2243.6,2081.8,2218.7
1995-08-31,2222.3,2277.4,2208.2,2238.3
1995-09-30,2233.4,2320.2,2163.2,2187
1995-10-31,2205.4,2219.3,2096.1,2167.9
1995-11-30,2157.9,2256,2154.3,2242.8
1995-12-31,2259.4,2289.9,2232.5,2253.9
1996-01-31,2271.4,2471.7,2271.4,2470.1
1996-02-29,2472,2484.5,2375.1,2473.6
1996-03-31,2494.7,2526.3,2400.5,2485.9
1996-04-30,2495.4,2554.8,2487.1,2505.3
1996-05-31,2490.7,2571.8,2455.2,2542.8
1996-06-30,2526.8,2578.7,2524.4,2561.4
1996-07-31,2563.9,2583.7,2446.2,2473.4
1996-08-31,2492.2,2571.7,2491,2543.8
1996-09-30,2540.8,2672.6,2510.3,2651.9
1996-10-31,2647.5,2739.3,2645.9,2659.3
1996-11-30,2675.4,2845.5,2665.9,2845.5
1996-12-31,2854.8,2914.6,2760.8,2888.7
1997-01-31,2855.2,3041.6,2833.8,3035.2
1997-02-28,3034.3,3287.8,3032.3,3259.6
1997-03-31,3264.5,3475,3260.2,3429.1
1997-04-30,3336.1,3452.6,3192.3,3438.1
1997-05-31,3448.7,3695.3,3448.7,3562.7
1997-06-30,3551,3836.9,3544.5,3766.9
1997-07-31,3782.7,4477.7,3782.6,4405.5
1997-08-31,4422.2,4460.2,3849.9,3919.8
1997-09-30,3942.5,4196.8,3783.1,4154.9
1997-10-31,4154.6,4363.7,3366,3753.7
1997-11-30,3802.7,3986.4,3645.8,3972.1
1997-12-31,4000,4320,4000,4224.3
1998-01-31,4270.7,4458.3,4053.9,4442.5
1998-02-28,4481,4736.1,4474.3,4693.9
1998-03-31,4696.5,5136.8,4612.1,5097.3
1998-04-30,5084.1,5436.8,4992.1,5107.44
1998-05-31,5251.41,5664.84,5172.95,5569.08
1998-06-30,5569.89,5921.4,5512.58,5897.44
1998-07-31,5863.25,6217.83,5810.95,5873.92
1998-08-31,5811.42,5818.15,4752.4,4833.89
1998-09-30,4727.35,5161.4,4357.42,4474.51
1998-10-31,4389.21,4722.09,3833.71,4671.12
1998-11-30,4722.84,5176.27,4617.41,5022.7
1998-12-31,4986.81,5085.47,4451.2,5002.39
1999-01-31,4991.95,5509.34,4768.41,5159.96
1999-02-28,5193.03,5287.96,4749.45,4911.81
1999-03-31,4923.31,5151.01,4605.27,4884.2
1999-04-30,4852.39,5397.64,4779.04,5393.11
1999-05-31,5372.68,5449.22,5003.97,5069.83
1999-06-30,5083.62,5500.93,4980.63,5378.52
1999-07-31,5428.34,5686.55,5035.2,5101.87
1999-08-31,5088.65,5455.84,4948.08,5270.77
1999-09-30,5286.58,5530.76,5069.87,5149.83
1999-10-31,5166.57,5557.91,5078.59,5525.4
1999-11-30,5518.74,6032.67,5474.12,5896.04
1999-12-31,5891.27,6992.92,5836.73,6958.14
2000-01-31,6961.72,7306.48,6388.91,6835.6
2000-02-29,6841.12,7813.2,6841.12,7644.55
2000-03-31,7645.3,8136.16,7411.76,7599.39
2000-04-30,7599.78,7641.53,6890.96,7414.68
2000-05-31,7407.53,7571.72,6794.08,7109.67
2000-06-30,7117.57,7486.4,6851.84,6898.21
2000-07-31,6912.97,7503.32,6842.61,7190.37
2000-08-31,7194.03,7395.81,6954.6,7216.45
2000-09-30,7221.41,7456.71,6468.46,6798.12
2000-10-31,6800.07,7087.92,6297.49,7077.44
2000-11-30,7093.84,7185.66,6361.43,6372.33
2000-12-31,6379.26,6813.3,6110.26,6433.61
2001-01-31,6431.14,6795.14,6172.44,6795.14
2001-02-28,6788.57,6788.57,6071.35,6208.24
2001-03-31,6212.66,6342.54,5351.48,5829.95
2001-04-30,5843.37,6271.2,5383.99,6264.51
2001-05-31,6272.03,6337.47,5960.46,6123.26
2001-06-30,6122.96,6278.04,5758.69,6058.38
2001-07-31,6053.81,6131.97,5551.14,5861.19
2001-08-31,5859.68,5930.45,5124.69,5188.17
2001-09-30,5195.67,5220.1,3539.18,4308.15,2052719200
2001-10-31,4315.06,4874.31,4157.6,4559.13,2709145524
2001-11-30,4556.71,5217.47,4481.55,4989.91,3226940424
2001-12-31,4986.58,5341.86,4872.25,5160.1,2335214400
2002-01-31,5155.26,5352.16,4974.58,5107.61,3358160992
2002-02-28,5109.48,5165.97,4706.01,5039.08,2964611424
2002-03-31,5025.96,5467.31,5003.06,5397.29,3334249032
2002-04-30,5379.64,5379.64,4929.35,5041.2,2741091424
2002-05-31,5043.01,5126.33,4741.95,4818.3,3091175920
2002-06-30,4818.07,4850.38,3946.7,4382.56,3756780872
2002-07-31,4377.1,4483.03,3265.96,3700.14,4873027344
2002-08-31,3699.31,3930.96,3235.38,3712.94,3439099896
2002-09-30,3698.69,3698.69,2719.49,2769.03,3832520096
2002-10-31,2772.96,3299.01,2519.3,3152.85,4548631424
2002-11-30,3152.19,3443.49,2987.85,3320.32,3611080880
2002-12-31,3332.73,3476.83,2836.01,2892.63,2961840508
2003-01-31,2898.68,3157.25,2563.92,2747.83,4395188752
2003-02-28,2750.4,2802.93,2433.15,2547.05,4125929152
2003-03-31,2553.74,2731.57,2188.75,2423.87,5080724592
2003-04-30,2395.72,3004.79,2395.72,2942.04,4226442352
2003-05-31,2938.72,3068.08,2769.45,2982.68,4037091496
2003-06-30,2990.93,3324.44,2990.93,3220.58,4523873352
2003-07-31,3217.21,3487.86,3119.35,3487.86,4575767744
2003-08-31,3481.81,3588.53,3299.77,3484.58,3518080040
2003-09-30,3493.34,3676.88,3202.87,3256.78,4510404320
2003-10-31,3255.76,3675.78,3217.4,3655.99,4294085784
2003-11-30,3657.61,3814.21,3576.52,3745.95,3831690040
2003-12-31,3752.72,3996.28,3752.72,3965.16,3385887312
2004-01-31,3969.04,4175.48,3969.04,4058.6,4619936792
2004-02-29,4062.79,4150.56,3960.41,4018.16,3715298136
2004-03-31,4026.19,4163.19,3692.4,3856.7,5373355000
2004-04-30,3858.34,4156.89,3857.04,3985.21,4103307720
2004-05-31,3972.88,4029.32,3710.02,3921.41,3732145020
2004-06-30,3924.3,4090.75,3856.04,4052.73,3577939840
2004-07-31,4078.36,4101.52,3749.04,3895.61,3671900024
2004-08-31,3891.18,3891.78,3618.58,3785.21,3665514248
2004-09-30,3794.17,4000.13,3792.25,3892.9,3793084456
2004-10-31,3895.15,4078.5,3838.98,3960.25,4119450240
2004-11-30,3961.18,4219.05,3959.25,4126,4113903384
2004-12-31,4108.55,4272.18,4107.62,4256.08,3311100592
2005-01-31,4260.92,4325.77,4160.83,4254.85,4400471728
2005-02-28,4256.65,4409.09,4249.69,4350.49,4029762272
2005-03-31,4345.24,4435.31,4275.55,4348.77,4256980320
2005-04-30,4348.03,4422.88,4157.51,4184.84,4350029552
2005-05-31,4208.63,4482.02,4205.05,4460.63,4091042240
2005-06-30,4467.32,4637.34,4467.04,4586.28,4787136768
2005-07-31,4584.44,4913.02,4444.94,4886.5,4527064224
2005-08-31,4882.39,4990.57,4726.33,4829.69,4393875032
2005-09-30,4846.66,5061.84,4816.67,5044.12,4716475024
2005-10-31,5060.99,5138.02,4762.75,4929.07,4581824480
2005-11-30,4922.91,5241,4891.62,5193.4,4643915328
2005-12-31,5210.54,5469.96,5208.49,5408.25,3506950216
2006-01-31,5410.24,5697,5290.49,5674.14,4973806256
2006-02-28,5662.05,5916.79,5598.04,5796.04,4301694208
2006-03-31,5806.96,5993.89,5664.18,5970.08,5356717104
2006-04-30,5989.08,6121.95,5860.5,6009.89,4276144688
2006-05-31,6014.37,6162.37,5513.43,5692.85,5856633208
2006-06-30,5677.52,5778.77,5243.71,5683.31,5601788560
2006-07-31,5688,5729.58,5365.06,5681.97,4092331776
2006-08-31,5678,5886.77,5557.58,5859.56,5053352192
2006-09-30,5861.25,6031.54,5737.2,6004.33,4876677104
2006-10-31,6019.33,6304.77,5944.56,6268.91,4596704336
2006-11-30,6262.71,6497.06,6201,6309.18,5147706464
2006-12-31,6322.18,6629.33,6195.81,6596.91,3784359848
2007-01-31,6614.73,6805.08,6531.25,6789.1,5968353312
2007-02-28,6821.31,7040.2,6640.99,6715.43,5204280984
2007-03-31,6714.25,6965.83,6444.7,6917.02,7016554512
2007-04-30,6911.12,7436.29,6891.79,7408.87,4823642088
2007-05-31,7429.93,7895.71,7304.6,7883.04,6089044096
2007-06-30,7891.2,8131.73,7499.43,8007.31,6876473888
2007-07-31,7969.27,8151.56,7372.89,7584.14,5705140032
2007-08-31,7472.35,7659.72,7190.35,7638.16,5323494608
2007-09-30,7643.64,7882.18,7369.7,7861.5,5388431120
2007-10-31,7851.29,8063.83,7763.64,8019.22,5853483152
2007-11-30,8024.41,8038.41,7444.62,7870.52,6649040576
2007-12-31,7859.39,8117.79,7777.39,8067.31,4224798224
2008-01-31,8045.97,8100.64,6384.39,6851.75,6434261136
2008-02-29,6896.19,7079.74,6655.65,6748.13,3512761096
2008-03-31,6692.98,6720.16,6167.82,6534.97,3648856072
2008-04-30,6519.02,6966.47,6496.94,6948.82,3061669920
2008-05-31,6982.06,7231.86,6905.86,7096.79,2702019748
2008-06-30,7098.7,7102.05,6308.24,6418.32,3107071976
2008-07-31,6394.08,6577.1,5999.32,6479.56,3931671936
2008-08-31,6461.01,6626.7,6219.1,6422.3,2626629652
2008-09-30,6400.85,6553.9,5658.2,5831.02,4644012736
2008-10-31,5865.08,5876.93,4014.6,4987.97,8597750080
2008-11-30,5053.94,5302.57,4034.96,4669.44,3294708832
2008-12-31,4653.12,4850.39,4304.03,4810.2,3033000800
2009-01-31,4856.85,5111.02,4067.43,4338.35,3164270288
2009-02-28,4309.17,4688.59,3764.69,3843.74,2815267128
2009-03-31,3817.51,4272.12,3588.89,4084.76,3475893045
2009-04-30,4074.79,4837.05,3997.46,4769.45,2918125614
2009-05-31,4790.03,5060.76,4653.25,4940.82,2478791953
2009-06-30,4992.1,5177.59,4669.8,4808.64,2199589301
2009-07-31,4820.61,5396.95,4524.01,5332.14,2117383986
2009-08-31,5330.87,5575.53,5158.6,5464.61,1808274064
2009-09-30,5479.35,5760.83,5263.11,5675.16,2445835134
2009-10-31,5681.88,5888.21,5394.8,5414.96,2839360549
2009-11-30,5410.61,5843.27,5312.64,5625.95,2328656797
2009-12-31,5653.88,6026.69,5605.43,5957.43,1885637479
2010-01-31,5975.52,6094.26,5540.33,5608.79,2622377206
2010-02-28,5587.5,5743.89,5433.02,5598.46,2597843222
2010-03-31,5652.85,6203.5,5641.18,6153.55,2545565117
2010-04-30,6189.38,6341.52,6024.01,6135.7,2725526963
2010-05-31,6122.76,6276.8,5607.68,5964.33,3888514248
2010-06-30,5943.94,6330.81,5798.76,5965.52,2616461883
2010-07-31,5885.61,6253.64,5809.37,6147.97,2214408650
2010-08-31,6187.64,6386.97,5833.51,5925.22,2097355445
2010-09-30,5936.94,6339.97,5876.43,6229.02,2449547830
2010-10-31,6244.06,6668.54,6115.87,6601.37,2168915037
2010-11-30,6637.09,6907.61,6586.01,6688.49,2331507333
2010-12-31,6748.36,7087.84,6736.69,6914.19,1794678005
2011-01-31,6973.39,7180.15,6835.74,7077.48,2362321307
2011-02-28,7133.34,7441.82,7093.91,7272.32,2119345638
2011-03-31,7309.8,7356.33,6483.39,7041.31,2996883764
2011-04-30,7086.56,7514.69,6994.56,7514.46,2418035189
2011-05-31,7570.86,7600.41,7071.42,7293.69,3554795797
2011-06-30,7310.56,7378.35,6995.4,7376.24,3215360956
2011-07-31,7374.49,7523.53,7001.88,7158.77,3292693324
2011-08-31,7254.5,7282.01,5345.36,5784.85,5610800980
2011-09-30,5793.1,5794.5,4967.59,5502.02,4649823722
2011-10-31,5311.93,6430.6,5125.44,6141.34,3736558785
2011-11-30,5934.54,6192.25,5366.5,6088.84,4073300801
2011-12-31,6080.48,6170.04,5637.53,5898.35,2996362409
2012-01-31,5900.18,6574.19,5900.18,6458.91,3829221229
2012-02-29,6482.95,6971.03,6482.56,6856.08,3638816188
2012-03-31,6831.97,7194.33,6612.61,6946.83,3738004077
2012-04-30,6973.99,7081.06,6499.07,6761.19,3205428767
2012-05-31,6861.3,6875.87,6208.09,6264.38,3313192880
2012-06-30,6259.76,6427.49,5914.43,6416.28,3383953438
2012-07-31,6405.39,6835.19,6324.53,6772.26,3146666153
2012-08-31,6775.99,7105.43,6596.21,6970.79,2803906019
2012-09-30,6946.61,7478.53,6892.98,7216.15,3415170551
2012-10-31,7227.81,7447.81,7120.68,7260.63,2733818261
2012-11-30,7255.3,7442.6,6950.53,7405.5,2860482827
2012-12-31,7427.41,7682.9,7417.67,7612.39,1841737575
2013-01-31,7689.46,7871.79,7634.26,7776.05,2808976006
2013-02-28,7792.59,7860.57,7537.29,7741.7,2807628163
2013-03-31,7735.35,8074.47,7627.99,7795.31,3177620312
2013-04-30,7806.12,7965.9,7418.84,7913.71,2688530776
2013-05-31,7905.35,8553.74,7896.99,8348.84,2390645490
2013-06-30,8291.49,8395.56,7656.86,7959.22,1943970860
2013-07-31,8000.02,8415.33,7730.37,8275.97,2089886281
2013-08-31,8320.38,8444.52,8094.22,8103.15,1848214982
2013-09-30,8224.34,8767.97,8095.91,8594.4,2075406061
2013-10-31,8618.59,9070.17,8504.65,9033.92,1941610681
2013-11-30,9032.29,9424.07,8969.63,9405.3,1682449839
2013-12-31,9412.95,9594.35,8984.99,9552.16,1439765766
2014-01-31,9598.25,9794.05,9166.05,9306.48,2147613273
2014-02-28,9318.77,9720.33,9071.25,9692.08,1693660086
2014-03-31,9553.08,9634.82,8913.27,9555.91,2016100299
2014-04-30,9601.96,9721.5,9166.53,9603.23,1603707098
2014-05-31,9611.79,9970.77,9407.09,9943.27,1770768409
2014-06-30,9986.86,10050.98,9749.75,9833.07,1713614311
2014-07-31,9853.74,10032.28,9395.35,9407.48,1711877070
2014-08-31,9379.74,9598.46,8903.49,9470.17,1688401952
2014-09-30,9484.53,9891.2,9369.62,9474.3,1722102414
2014-10-31,9454.04,9520.97,8354.97,9326.87,2631739947
2014-11-30,9305.73,9992.67,9148.78,9980.85,1839387129
2014-12-31,9915.74,10093.03,9219.05,9805.55,1813077174
2015-01-31,9869.13,10810.57,9382.82,10694.32,2374515241
2015-02-28,10719.18,11401.66,10594.32,11401.66,1826408695
2015-03-31,11408.28,12219.05,11193.3,11966.17,2177948409
2015-04-30,11902.92,12390.75,11331.37,11454.38,1808747099
2015-05-31,11506.84,11920.31,11167.55,11413.82,1779420108
2015-06-30,11462.97,11635.85,10797.85,10944.97,2239351434
2015-07-31,11050.32,11802.37,10652.79,11308.99,1893585746
2015-08-31,11295.5,11669.86,9338.2,10259.46,2180550331
2015-09-30,10073.74,10512.61,9325.05,9660.44,2659219312
2015-10-31,9757.04,10886.98,9396.34,10850.14,2186073671
2015-11-30,10749.98,11430.87,10607.46,11382.23,1732704793
2015-12-31,11422.47,11430.38,10122.95,10743.01,1840168989
2016-01-31,10485.81,10485.91,9314.57,9798.11,2233594821
2016-02-29,9823.73,9827.1,8699.29,9495.4,2532410105
2016-03-31,9482.66,10112.17,9471.09,9965.51,2101602647
2016-04-30,9833.26,10474.38,9484.75,10038.97,1853010387
2016-05-31,10091.17,10365.24,9737,10262.74,1777347363
2016-06-30,10242.78,10340.84,9214.1,9680.09,2495784042
2016-07-31,9742.84,10381.9,9304.01,10337.5,1865426241
2016-08-31,10426.36,10802.32,10092.53,10592.69,1610860315
2016-09-30,10622.33,10780.42,10189.94,10511.02,2189282362
2016-10-31,10492.97,10827.72,10349.06,10665.01,1852130185
2016-11-30,10724.14,10802.39,10174.92,10640.3,2192403933
2016-12-31,10593.06,11481.66,10402.59,11481.06,1979961967
2017-01-31,11426.38,11893.08,11414.82,11535.31,1895972861
2017-02-28,11646.42,12031.11,11479.78,11834.41,1686342683
2017-03-31,11915.03,12313.29,11850.27,12312.87,2425447979
2017-04-30,12368.82,12486.29,11941.57,12438.01,1695541767
2017-05-31,12478.46,12841.66,12433.51,12615.06,2067551402
2017-06-30,12623.61,12951.54,12319,12325.12,2132366543
2017-07-31,12396.34,12676.52,12097.36,12118.25,1829111161
2017-08-31,12147.89,12336,11868.84,12055.84,1790458099
2017-09-30,12101.15,12828.86,12050.53,12828.86,1825577436
2017-10-31,12866.27,13255.38,12849.59,13229.57,1610404729
2017-11-30,13342.44,13525.56,12847.88,13023.98,2185792261
2017-12-31,13044.15,13338.91,12810.13,12917.64,1664167501
2018-01-31,12897.69,13596.89,12745.15,13189.48,2165598359
2018-02-28,13235.15,13301.41,12003.36,12435.85,2391099049
2018-03-31,12386.4,12459.9,11726.62,12096.73,2479496873
2018-04-30,11997.47,12647.16,11792.35,12612.11,1910767311
2018-05-31,12610.78,13204.31,12547.61,12604.89,2284934327
2018-06-30,12678.07,13170.05,12104.41,12306,2423607007
2018-07-31,12147.94,12886.83,12132.72,12805.5,2027563226
2018-08-31,12826.7,12833.11,12120.65,12364.06,1883702124
2018-09-30,12338.36,12458.3,11865.47,12246.73,2173022245
2018-10-31,12265.89,12373.29,11051.04,11447.51,2382619671
2018-11-30,11419.61,11689.96,11009.25,11257.24,2180746816
2018-12-31,11534.75,11566.97,10279.2,10558.96,1967055802
2019-01-31,10477.77,11321.62,10386.97,11173.1,2070961359
2019-02-28,11198.46,11556.87,10863.56,11515.64,1746304718
2019-03-31,11584.24,11823.29,11299.8,11526.04,2068056384
2019-04-30,11617.18,12376.06,11612.7,12344.08,1842059048
2019-05-31,12349.1,12435.67,11662.07,11726.84,2288978948
2019-06-30,11661.12,12438.37,11620.64,12398.8,1958110745
2019-07-31,12616.34,12656.05,12115.28,12189.04,2003859101
2019-08-31,12134.71,12254.03,11266.48,11939.28,2185336437
2019-09-30,11939.99,12494.25,11869.28,12428.08,1911051677
2019-10-31,12469.67,12986.49,11878.98,12866.79,2003564103
2019-11-30,12912.09,13374.27,12896.72,13236.38,1598514394
2019-12-31,13264.93,13425.85,12886.55,13249.01,1372865727
2020-01-31,13233.71,13640.06,12948.17,12981.97,1766265644
2020-02-29,13033.17,13795.24,11724.12,11890.35,2231747396
2020-03-31,12030.27,12272.99,8255.65,9935.84,4794863093
2020-04-30,9610.67,11235.57,9337.02,10861.64,2499808796
2020-05-31,10543.36,11813.14,10160.89,11586.85,2211890894
2020-06-30,11896.7,12913.13,11597.82,12310.93,2802075082
2020-07-31,12391.72,13313.9,12095.11,12313.36,1793669653
2020-08-31,12374.46,13221.82,12365.61,12945.38,1335493483
2020-09-30,13037.2,13460.46,12341.58,12760.73,1726349786
2020-10-31,12812.08,13151.8,11450.08,11556.48,1643479585
2020-11-30,11602.91,13445.11,11551.36,13291.16
2020-12-31,13371.66,13903.11,13009.48,13718.78
2021-01-31,13890.22,14131.52,13310.95,13432.87
2021-02-28,13559.94,14169.49,13518.45,13786.29
2021-03-31,13962.43,15029.7,13868.2,15008.34
2021-04-30,15053.77,15501.84,15032.52,15135.91
2021-05-31,15191.79,15568.6,14816.35,15421.13
2021-06-30,15513.13,15802.67,15309.44,15531.04
2021-07-31,15624.28,15810.68,15048.56,15544.39
2021-08-31,15631.7,16030.33,15492.58,15835.09
2021-09-30,15958.41,15981.7,15019.49,15260.69
2021-10-31,15041.6,15781,14818.71,15688.77
2021-11-30,15764.55,16290.19,15016.19,15100.13
2021-12-31,15233.37,15834.04,15101.71,15623.31
